연도,학교명,전임교원수,SCI/SCOPUS논문수,1인당논문수,권역명,권역순위,전국순위
2016,한림대학교,799,347.3022,0.4347,강원권,1,19
2016,가톨릭관동대학교,432,81.6838,0.1891,강원권,2,50
2016,경동대학교,244,25.5078,0.1045,강원권,3,79
2016,상지대학교,277,19.6811,0.0711,강원권,4,90
2016,한라대학교,137,1.7501,0.0128,강원권,5,120
2016,성균관대학교,1426,1403.4707,0.9842,수도권,1,2
2016,연세대학교,1648,1446.7735,0.8779,수도권,2,3
2016,고려대학교,1446,1124.2932,0.7775,수도권,3,4
2016,한양대학교,1012,754.0292,0.7451,수도권,4,5
2016,경희대학교,1419,939.3001,0.6619,수도권,5,6
2016,가톨릭대학교,1154,740.3193,0.6415,수도권,6,7
2016,광운대학교,331,202.8317,0.6128,수도권,7,9
2016,중앙대학교,1041,632.9272000000001,0.608,수도권,8,10
2016,건국대학교,712,431.2463,0.6057,수도권,9,12
2016,아주대학교,688,399.4462,0.5806,수도권,10,13
2016,한양대학교(ERICA),386,220.3016,0.5707,수도권,11,14
2016,동국대학교,672,315.0242,0.4688,수도권,12,17
2016,인하대학교,839,384.2335,0.458,수도권,13,18
2016,이화여자대학교,1001,423.3826,0.423,수도권,14,20
2016,가천대학교,856,359.8899,0.4204,수도권,15,21
2016,숭실대학교,494,203.3479,0.4116,수도권,16,23
2016,한국항공대학교,152,59.7998,0.3934,수도권,17,24
2016,한국외국어대학교,687,247.6397,0.3605,수도권,18,25
2016,삼육대학교,203,68.3862,0.3369,수도권,19,26
2016,단국대학교,1161,348.5758,0.3002,수도권,20,31
2016,을지대학교,390,104.9819,0.2692,수도권,21,34
2016,경기대학교,500,131.8671,0.2637,수도권,22,35
2016,국민대학교,653,170.1409,0.2606,수도권,23,36
2016,명지대학교,581,150.4434,0.2589,수도권,24,37
2016,차의과학대학교,414,95.4325,0.2305,수도권,25,42
2016,홍익대학교,526,116.7334,0.2219,수도권,26,44
2016,숙명여자대학교,470,94.1615,0.2003,수도권,27,47
2016,서울여자대학교,242,48.0202,0.1984,수도권,28,48
2016,상명대학교,263,51.6189,0.1963,수도권,29,49
2016,덕성여자대학교,191,31.9761,0.1674,수도권,30,55
2016,성신여자대학교,332,46.6973,0.1407,수도권,31,64
2016,한성대학교,260,30.4206,0.117,수도권,32,72
2016,수원대학교,394,42.9712,0.1091,수도권,33,74
2016,성결대학교,208,22.0665,0.1061,수도권,34,77
2016,경동대학교,244,25.5078,0.1045,수도권,35,79
2016,안양대학교,196,18.7119,0.0955,수도권,36,82
2016,동덕여자대학교,238,20.4845,0.0861,수도권,37,84
2016,대진대학교,270,21.8395,0.0809,수도권,38,86
2016,한국성서대학교,45,3.1833,0.0707,수도권,39,91
2016,한신대학교,175,10.7846,0.0616,수도권,40,95
2016,서경대학교,222,13.2441,0.0597,수도권,41,96
2016,신한대학교,204,11.9153,0.0584,수도권,42,97
2016,용인대학교,231,12.1589,0.0526,수도권,43,99
2016,인천가톨릭대학교,45,2.0,0.0444,수도권,44,103
2016,강남대학교,239,8.8611,0.0371,수도권,45,105
2016,서울신학대학교,99,3.1667,0.032,수도권,46,107
2016,성공회대학교,84,2.5596,0.0305,수도권,47,109
2016,한세대학교,131,3.7762,0.0288,수도권,48,110
2016,협성대학교,158,4.3666,0.0276,수도권,49,111
2016,예원예술대학교,74,2.0,0.027,수도권,50,112
2016,총신대학교,129,2.5166,0.0195,수도권,51,117
2016,평택대학교,150,2.7833,0.0186,수도권,52,118
2016,루터대학교,17,0.0,0.0,수도권,53,122
2016,서울기독대학교,32,0.0,0.0,수도권,53,122
2016,추계예술대학교,49,0.0,0.0,수도권,53,122
2016,포항공과대학교,270,372.6558,1.3802,영남권,1,1
2016,영남대학교,943,596.8617,0.6329,영남권,2,8
2016,울산대학교,1102,668.7126,0.6068,영남권,3,11
2016,인제대학교,1000,309.6491,0.3096,영남권,4,30
2016,계명대학교,898,221.2718,0.2464,영남권,5,38
2016,동아대학교,844,198.9924,0.2358,영남권,6,40
2016,대구대학교,650,134.2926,0.2066,영남권,7,46
2016,고신대학교,307,52.2057,0.1701,영남권,8,54
2016,대구가톨릭대학교,654,108.7533,0.1663,영남권,9,56
2016,동명대학교,283,46.9668,0.166,영남권,10,57
2016,부산가톨릭대학교,141,21.3609,0.1515,영남권,11,61
2016,경일대학교,253,37.6217,0.1487,영남권,12,62
2016,신라대학교,347,50.6465,0.146,영남권,13,63
2016,경남대학교,453,61.1959,0.1351,영남권,14,65
2016,대구한의대학교,255,33.3043,0.1306,영남권,15,67
2016,김천대학교,131,14.952,0.1141,영남권,16,73
2016,한동대학교,144,15.3191,0.1064,영남권,17,76
2016,동의대학교,600,63.4133,0.1057,영남권,18,78
2016,동서대학교,363,35.311,0.0973,영남권,19,80
2016,경성대학교,450,38.6241,0.0858,영남권,20,85
2016,위덕대학교,130,10.4344,0.0803,영남권,21,87
2016,영산대학교,247,15.5185,0.0628,영남권,22,94
2016,가야대학교,93,4.85,0.0522,영남권,23,101
2016,신경주대학교,129,6.5524,0.0508,영남권,24,102
2016,동양대학교,154,6.3662,0.0413,영남권,25,104
2016,대구예술대학교,47,1.5,0.0319,영남권,26,108
2016,경운대학교,194,4.9071,0.0253,영남권,27,113
2016,창신대학교,80,1.8635,0.0233,영남권,28,114
2016,부산외국어대학교,292,6.2491,0.0214,영남권,29,116
2016,대신대학교,27,0.0,0.0,영남권,30,122
2016,부산장신대학교,23,0.0,0.0,영남권,30,122
2016,제주국제대학교,94,2.0679,0.022,제주권,1,115
2016,건국대학교(글로컬),484,240.7426,0.4974,충청권,1,15
2016,한서대학교,282,134.5682,0.4772,충청권,2,16
2016,한국기술교육대학교,182,75.794,0.4165,충청권,3,22
2016,고려대학교(세종),280,92.4039,0.33,충청권,4,27
2016,남서울대학교,338,105.5549,0.3123,충청권,5,28
2016,단국대학교,1161,348.5758,0.3002,충청권,6,31
2016,순천향대학교,856,251.9818,0.2944,충청권,7,32
2016,한남대학교,434,122.2317,0.2816,충청권,8,33
2016,을지대학교,390,104.9819,0.2692,충청권,9,34
2016,선문대학교,344,80.6719,0.2345,충청권,10,41
2016,세명대학교,280,63.1952,0.2257,충청권,11,43
2016,홍익대학교,526,116.7334,0.2219,충청권,12,44
2016,청주대학교,418,89.8903,0.215,충청권,13,45
2016,상명대학교,263,51.6189,0.1963,충청권,14,49
2016,중원대학교,168,29.6649,0.1766,충청권,15,51
2016,서원대학교,236,41.0411,0.1739,충청권,16,52
2016,건양대학교,399,63.979299999999995,0.1603,충청권,17,59
2016,목원대학교,301,46.191,0.1535,충청권,18,60
2016,배재대학교,321,41.9839,0.1308,충청권,19,66
2016,호서대학교,478,60.7859,0.1272,충청권,20,68
2016,백석대학교,498,61.5845,0.1237,충청권,21,69
2016,나사렛대학교,169,20.0756,0.1188,충청권,22,70
2016,대전대학교,365,43.0714,0.118,충청권,23,71
2016,우송대학교,294,32.0299,0.1089,충청권,24,75
2016,중부대학교,298,28.5757,0.0959,충청권,25,81
2016,극동대학교,151,14.2463,0.0943,충청권,26,83
2016,유원대학교,137,7.3218,0.0534,충청권,27,98
2016,금강대학교,28,0.0,0.0,충청권,28,122
2016,조선대학교,820,255.894,0.3121,호남권,1,29
2016,남부대학교,124,29.8138,0.2404,호남권,2,39
2016,원광대학교,722,125.2069,0.1734,호남권,3,53
2016,전주대학교,368,59.971,0.163,호남권,4,58
2016,광주여자대학교,138,10.9265,0.0792,호남권,5,88
2016,우석대학교,263,20.4118,0.0776,호남권,6,89
2016,동신대학교,281,19.3842,0.069,호남권,7,92
2016,광주대학교,259,17.2411,0.0666,호남권,8,93
2016,초당대학교,108,5.6705,0.0525,호남권,9,100
2016,세한대학교,147,4.8075,0.0327,호남권,10,106
2016,예원예술대학교,74,2.0,0.027,호남권,11,112
2016,예수대학교,24,0.3334,0.0139,호남권,12,119
2016,한일장신대학교,45,0.2,0.0044,호남권,13,121
2016,목포가톨릭대학교,18,0.0,0.0,호남권,14,122
2017,한림대학교,803,324.2749,0.4038,강원권,1,20
2017,가톨릭관동대학교,508,72.7248,0.1432,강원권,2,57
2017,경동대학교,246,31.8065,0.1293,강원권,3,63
2017,상지대학교,275,12.0688,0.0439,강원권,4,106
2017,한라대학교,135,4.3584,0.0323,강원권,5,111
2017,성균관대학교,1437,1373.7186000000002,0.956,수도권,1,2
2017,연세대학교,1687,1446.3591999999999,0.8574,수도권,2,3
2017,고려대학교,1449,1157.9638,0.7991,수도권,3,4
2017,한양대학교,1005,704.6642999999999,0.7012,수도권,4,5
2017,경희대학교,1452,950.2813,0.6545,수도권,5,7
2017,건국대학교,702,457.0367,0.651,수도권,6,8
2017,중앙대학교,1043,619.0765,0.5936,수도권,7,9
2017,가톨릭대학교,1155,654.3594,0.5665,수도권,8,11
2017,한양대학교(ERICA),389,217.1356,0.5582,수도권,9,12
2017,아주대학교,703,388.6702,0.5529,수도권,10,13
2017,광운대학교,330,174.6639,0.5293,수도권,11,14
2017,인하대학교,835,427.8538,0.5124,수도권,12,15
2017,이화여자대학교,997,453.4445,0.4548,수도권,13,16
2017,동국대학교,716,309.1728,0.4318,수도권,14,17
2017,숭실대학교,503,207.7282,0.413,수도권,15,19
2017,가천대학교,870,350.0252,0.4023,수도권,16,21
2017,한국항공대학교,163,60.0802,0.3686,수도권,17,22
2017,차의과학대학교,428,136.1402,0.3181,수도권,18,24
2017,명지대학교,562,165.2003,0.294,수도권,19,27
2017,단국대학교,1106,309.62579999999997,0.28,수도권,20,30
2017,한국외국어대학교,693,187.4919,0.2706,수도권,21,32
2017,경기대학교,513,135.5845,0.2643,수도권,22,33
2017,홍익대학교,747,190.97050000000002,0.2556,수도권,23,34
2017,을지대학교,393,98.5779,0.2508,수도권,24,36
2017,삼육대학교,220,54.994,0.25,수도권,25,37
2017,숙명여자대학교,464,108.2322,0.2333,수도권,26,41
2017,국민대학교,648,133.5011,0.206,수도권,27,46
2017,덕성여자대학교,195,35.9768,0.1845,수도권,28,50
2017,성신여자대학교,333,50.134699999999995,0.1506,수도권,29,56
2017,서울여자대학교,241,34.1238,0.1416,수도권,30,59
2017,상명대학교,475,65.25829999999999,0.1374,수도권,31,60
2017,한성대학교,257,33.7011,0.1311,수도권,32,62
2017,경동대학교,246,31.8065,0.1293,수도권,33,63
2017,성결대학교,202,21.5036,0.1065,수도권,34,74
2017,수원대학교,400,34.4945,0.0862,수도권,35,81
2017,동덕여자대학교,238,19.8556,0.0834,수도권,36,82
2017,성공회대학교,83,6.719,0.081,수도권,37,83
2017,안양대학교,202,15.704,0.0777,수도권,38,86
2017,한국성서대학교,46,3.1749,0.069,수도권,39,92
2017,한신대학교,170,11.399999999999999,0.0671,수도권,40,93
2017,대진대학교,272,18.104,0.0666,수도권,41,94
2017,서경대학교,223,14.8001,0.0664,수도권,42,96
2017,용인대학교,235,14.884599999999999,0.0633,수도권,43,98
2017,강남대학교,241,14.7659,0.0613,수도권,44,99
2017,신한대학교,201,12.015699999999999,0.0598,수도권,45,101
2017,한세대학교,132,6.0,0.0455,수도권,46,105
2017,협성대학교,163,6.666600000000001,0.0409,수도권,47,107
2017,예원예술대학교,80,2.75,0.0344,수도권,48,110
2017,서울기독대학교,33,1.0,0.0303,수도권,49,113
2017,총신대학교,126,3.4333,0.0272,수도권,50,114
2017,평택대학교,167,1.6291,0.0098,수도권,51,116
2017,인천가톨릭대학교,47,0.4102,0.0087,수도권,52,118
2017,루터대학교,21,0.0,0.0,수도권,53,122
2017,서울신학대학교,104,0.0,0.0,수도권,53,122
2017,추계예술대학교,49,0.0,0.0,수도권,53,122
2017,포항공과대학교,281,325.9733,1.16,영남권,1,1
2017,영남대학교,925,637.3619,0.689,영남권,2,6
2017,울산대학교,1111,657.2491,0.5916,영남권,3,10
2017,동아대학교,832,199.9913,0.2404,영남권,4,39
2017,인제대학교,994,235.11659999999998,0.2365,영남권,5,40
2017,대구가톨릭대학교,644,149.6194,0.2323,영남권,6,42
2017,계명대학교,897,207.9418,0.2318,영남권,7,43
2017,대구대학교,641,139.45860000000002,0.2176,영남권,8,44
2017,부산가톨릭대학교,148,31.1409,0.2104,영남권,9,45
2017,경일대학교,254,40.795100000000005,0.1606,영남권,10,52
2017,고신대학교,314,49.198299999999996,0.1567,영남권,11,53
2017,경남대학교,456,62.1075,0.1362,영남권,12,61
2017,대구한의대학교,262,31.354100000000003,0.1197,영남권,13,69
2017,동명대학교,281,32.0051,0.1139,영남권,14,70
2017,김천대학교,156,17.2021,0.1103,영남권,15,72
2017,신라대학교,349,35.8491,0.1027,영남권,16,75
2017,한동대학교,149,15.0632,0.1011,영남권,17,76
2017,위덕대학교,131,10.3352,0.0789,영남권,18,84
2017,경성대학교,451,34.6904,0.0769,영남권,19,87
2017,동서대학교,357,26.5541,0.0744,영남권,20,89
2017,동의대학교,583,41.9412,0.0719,영남권,21,91
2017,영산대학교,250,16.0151,0.0641,영남권,22,97
2017,동양대학교,159,8.4873,0.0534,영남권,23,102
2017,가야대학교,95,5.0,0.0526,영남권,24,103
2017,창신대학교,82,2.8952999999999998,0.0353,영남권,25,109
2017,경운대학교,210,6.5651,0.0313,영남권,26,112
2017,부산외국어대학교,290,4.3667,0.0151,영남권,27,115
2017,신경주대학교,101,0.1667,0.0017,영남권,28,121
2017,대구예술대학교,45,0.0,0.0,영남권,29,122
2017,대신대학교,24,0.0,0.0,영남권,29,122
2017,부산장신대학교,24,0.0,0.0,영남권,29,122
2017,제주국제대학교,86,0.4666,0.0054,제주권,1,120
2017,건국대학교(글로컬),483,205.33350000000002,0.4251,충청권,1,18
2017,한국기술교육대학교,183,58.2918,0.3185,충청권,2,23
2017,고려대학교(세종),271,83.2881,0.3073,충청권,3,26
2017,한서대학교,266,76.48949999999999,0.2876,충청권,4,28
2017,선문대학교,340,95.3118,0.2803,충청권,5,29
2017,단국대학교,1106,309.62579999999997,0.28,충청권,6,30
2017,남서울대학교,349,96.1628,0.2755,충청권,7,31
2017,홍익대학교,747,190.97050000000002,0.2556,충청권,8,34
2017,순천향대학교,900,228.5747,0.254,충청권,9,35
2017,을지대학교,393,98.5779,0.2508,충청권,10,36
2017,중원대학교,158,39.1305,0.2477,충청권,11,38
2017,한남대학교,429,86.787,0.2023,충청권,12,47
2017,청주대학교,405,78.9232,0.1949,충청권,13,48
2017,세명대학교,286,54.5225,0.1906,충청권,14,49
2017,호서대학교,477,77.3614,0.1622,충청권,15,51
2017,건양대학교,396,56.723400000000005,0.1432,충청권,16,57
2017,상명대학교,475,65.25829999999999,0.1374,충청권,17,60
2017,서원대학교,251,32.2172,0.1284,충청권,18,64
2017,우송대학교,332,42.428799999999995,0.1278,충청권,19,65
2017,극동대학교,147,17.8985,0.1218,충청권,20,67
2017,중부대학교,292,35.2568,0.1207,충청권,21,68
2017,목원대학교,299,33.711800000000004,0.1127,충청권,22,71
2017,배재대학교,324,34.6495,0.1069,충청권,23,73
2017,대전대학교,361,33.9757,0.0941,충청권,24,78
2017,유원대학교,139,12.128,0.0873,충청권,25,79
2017,백석대학교,499,36.8491,0.0738,충청권,26,90
2017,나사렛대학교,193,8.8982,0.0461,충청권,27,104
2017,금강대학교,30,0.25,0.0083,충청권,28,119
2017,조선대학교,818,252.3125,0.3085,호남권,1,25
2017,전주대학교,380,59.0145,0.1553,호남권,2,54
2017,원광대학교,753,114.1152,0.1515,호남권,3,55
2017,세한대학교,146,18.0921,0.1239,호남권,4,66
2017,예수대학교,23,2.2667,0.0986,호남권,5,77
2017,동신대학교,281,24.5223,0.0873,호남권,6,79
2017,남부대학교,123,9.657,0.0785,호남권,7,85
2017,우석대학교,266,20.287,0.0763,호남권,8,88
2017,광주여자대학교,132,8.7906,0.0666,호남권,9,94
2017,광주대학교,252,15.282,0.0606,호남권,10,100
2017,초당대학교,108,3.8429,0.0356,호남권,11,108
2017,예원예술대학교,80,2.75,0.0344,호남권,12,110
2017,한일장신대학교,45,0.4,0.0089,호남권,13,117
2017,목포가톨릭대학교,21,0.0,0.0,호남권,14,122
2018,한림대학교,781,353.8723,0.4531,강원권,1,17
2018,가톨릭관동대학교,454,86.0451,0.1895,강원권,2,47
2018,경동대학교,261,24.9812,0.0957,강원권,3,76
2018,상지대학교,264,21.1762,0.0802,강원권,4,88
2018,한라대학교,125,0.5611,0.0045,강원권,5,119
2018,성균관대학교,1459,1334.8304,0.9149,수도권,1,2
2018,연세대학교,1696,1434.5569,0.8458,수도권,2,3
2018,고려대학교,1432,1077.0114,0.7521,수도권,3,4
2018,한양대학교,1042,764.1595,0.7334,수도권,4,5
2018,중앙대학교,1104,710.9337999999999,0.644,수도권,5,7
2018,경희대학교,1442,914.3712,0.6341,수도권,6,8
2018,한양대학교(ERICA),386,238.6135,0.6182,수도권,7,9
2018,아주대학교,714,430.99,0.6036,수도권,8,10
2018,건국대학교,716,429.4903,0.5998,수도권,9,11
2018,가톨릭대학교,1167,686.3972,0.5882,수도권,10,13
2018,광운대학교,325,181.161,0.5574,수도권,11,14
2018,인하대학교,835,459.0454,0.5498,수도권,12,15
2018,이화여자대학교,999,456.67,0.4571,수도권,13,16
2018,동국대학교,714,315.4007,0.4417,수도권,14,18
2018,가천대학교,901,395.4303,0.4389,수도권,15,19
2018,을지대학교,405,144.3286,0.3564,수도권,16,21
2018,숭실대학교,521,178.0537,0.3418,수도권,17,23
2018,단국대학교,1089,363.7736,0.334,수도권,18,24
2018,한국항공대학교,172,56.8661,0.3306,수도권,19,25
2018,삼육대학교,209,63.8592,0.3055,수도권,20,28
2018,차의과학대학교,437,129.8395,0.2971,수도권,21,29
2018,경기대학교,557,159.7992,0.2869,수도권,22,31
2018,홍익대학교,752,206.6839,0.2748,수도권,23,32
2018,국민대학교,627,159.8502,0.2549,수도권,24,36
2018,명지대학교,549,133.6397,0.2434,수도권,25,39
2018,한국외국어대학교,697,163.6093,0.2347,수도권,26,40
2018,숙명여자대학교,460,101.6412,0.221,수도권,27,43
2018,덕성여자대학교,196,35.507,0.1812,수도권,28,49
2018,상명대학교,477,82.3944,0.1727,수도권,29,54
2018,서울여자대학교,233,33.7098,0.1447,수도권,30,63
2018,성신여자대학교,326,42.5598,0.1306,수도권,31,65
2018,한성대학교,256,28.4873,0.1113,수도권,32,67
2018,서경대학교,241,26.3913,0.1095,수도권,33,68
2018,수원대학교,383,40.6174,0.1061,수도권,34,71
2018,안양대학교,191,18.7881,0.0984,수도권,35,73
2018,경동대학교,261,24.9812,0.0957,수도권,36,76
2018,동덕여자대학교,240,19.5625,0.0815,수도권,37,86
2018,강남대학교,235,18.8273,0.0801,수도권,38,89
2018,대진대학교,273,21.7727,0.0798,수도권,39,90
2018,한신대학교,175,13.0665,0.0747,수도권,40,94
2018,성결대학교,182,12.9931,0.0714,수도권,41,95
2018,한국성서대학교,44,2.4596,0.0559,수도권,42,100
2018,신한대학교,205,11.0948,0.0541,수도권,43,101
2018,평택대학교,158,7.704,0.0488,수도권,44,103
2018,협성대학교,158,7.1026,0.045,수도권,45,105
2018,총신대학교,122,5.0667,0.0415,수도권,46,106
2018,용인대학교,225,8.4712,0.0376,수도권,47,107
2018,성공회대학교,90,2.25,0.025,수도권,48,110
2018,인천가톨릭대학교,47,1.1667,0.0248,수도권,49,112
2018,한세대학교,133,3.2,0.0241,수도권,50,113
2018,예원예술대학교,76,1.45,0.0191,수도권,51,116
2018,서울신학대학교,103,1.45,0.0141,수도권,52,118
2018,루터대학교,17,0.0,0.0,수도권,53,123
2018,서울기독대학교,33,0.0,0.0,수도권,53,123
2018,추계예술대학교,50,0.0,0.0,수도권,53,123
2018,포항공과대학교,283,332.8463,1.1761,영남권,1,1
2018,영남대학교,892,595.3573,0.6674,영남권,2,6
2018,울산대학교,1131,672.2122,0.5944,영남권,3,12
2018,인제대학교,999,348.40459999999996,0.3488,영남권,4,22
2018,부산가톨릭대학교,149,40.0005,0.2685,영남권,5,33
2018,계명대학교,917,235.1269,0.2564,영남권,6,35
2018,동아대학교,809,176.4064,0.2181,영남권,7,44
2018,대구대학교,625,125.5711,0.2009,영남권,8,46
2018,고신대학교,316,56.3892,0.1784,영남권,9,52
2018,대구가톨릭대학교,651,108.3991,0.1665,영남권,10,55
2018,신라대학교,334,52.2949,0.1566,영남권,11,57
2018,한동대학교,151,22.7754,0.1508,영남권,12,59
2018,동명대학교,280,41.3233,0.1476,영남권,13,60
2018,경일대학교,251,36.3956,0.145,영남권,14,62
2018,영산대학교,247,32.918,0.1333,영남권,15,64
2018,대구한의대학교,258,29.6155,0.1148,영남권,16,66
2018,경남대학교,454,43.3816,0.0956,영남권,17,77
2018,동의대학교,577,54.6316,0.0947,영남권,18,79
2018,동서대학교,363,34.2432,0.0943,영남권,19,80
2018,창신대학교,82,7.3468,0.0896,영남권,20,82
2018,경성대학교,429,34.6373,0.0807,영남권,21,87
2018,위덕대학교,127,9.9209,0.0781,영남권,22,92
2018,김천대학교,156,8.7655,0.0562,영남권,23,99
2018,가야대학교,95,4.3275,0.0456,영남권,24,104
2018,신경주대학교,84,2.1,0.025,영남권,25,110
2018,경운대학교,203,3.9486,0.0195,영남권,26,115
2018,동양대학교,158,2.9286,0.0185,영남권,27,117
2018,부산외국어대학교,277,0.7611,0.0027,영남권,28,121
2018,대구예술대학교,43,0.0,0.0,영남권,29,123
2018,대신대학교,27,0.0,0.0,영남권,29,123
2018,부산장신대학교,24,0.0,0.0,영남권,29,123
2018,제주국제대학교,77,0.0833,0.0011,제주권,1,122
2018,건국대학교(글로컬),469,169.1794,0.3607,충청권,1,20
2018,을지대학교,405,144.3286,0.3564,충청권,2,21
2018,단국대학교,1089,363.7736,0.334,충청권,3,24
2018,고려대학교(세종),262,86.4435,0.3299,충청권,4,26
2018,순천향대학교,922,268.7594,0.2915,충청권,5,30
2018,홍익대학교,752,206.6839,0.2748,충청권,6,32
2018,중원대학교,157,41.236,0.2626,충청권,7,34
2018,한국기술교육대학교,179,45.4582,0.254,충청권,8,37
2018,남서울대학교,357,89.305,0.2502,충청권,9,38
2018,한남대학교,423,97.052,0.2294,충청권,10,41
2018,한서대학교,273,61.5418,0.2254,충청권,11,42
2018,선문대학교,330,68.4866,0.2075,충청권,12,45
2018,청주대학교,396,72.7446,0.1837,충청권,13,48
2018,세명대학교,286,51.6297,0.1805,충청권,14,50
2018,건양대학교,405,72.39089999999999,0.1787,충청권,15,51
2018,상명대학교,477,82.3944,0.1727,충청권,16,54
2018,우송대학교,372,54.7621,0.1472,충청권,17,61
2018,극동대학교,148,16.2128,0.1095,충청권,18,68
2018,호서대학교,458,49.6834,0.1085,충청권,19,70
2018,서원대학교,242,25.5914,0.1057,충청권,20,72
2018,배재대학교,315,30.2224,0.0959,충청권,21,75
2018,중부대학교,291,26.5143,0.0911,충청권,22,81
2018,목원대학교,291,24.4665,0.0841,충청권,23,83
2018,대전대학교,357,29.6787,0.0831,충청권,24,84
2018,유원대학교,160,12.6326,0.079,충청권,25,91
2018,백석대학교,494,25.7215,0.0521,충청권,26,102
2018,금강대학교,28,1.0,0.0357,충청권,27,108
2018,나사렛대학교,186,5.4358,0.0292,충청권,28,109
2018,조선대학교,846,262.4372,0.3102,호남권,1,27
2018,원광대학교,756,131.522,0.174,호남권,2,53
2018,전주대학교,409,66.3009,0.1621,호남권,3,56
2018,남부대학교,126,19.2346,0.1527,호남권,4,58
2018,광주대학교,258,25.2302,0.0978,호남권,5,74
2018,목포가톨릭대학교,21,2.0,0.0952,호남권,6,78
2018,세한대학교,150,12.3179,0.0821,호남권,7,85
2018,우석대학교,285,22.0116,0.0772,호남권,8,93
2018,초당대학교,124,8.1762,0.0659,호남권,9,96
2018,동신대학교,279,16.6741,0.0598,호남권,10,97
2018,광주여자대학교,136,8.0691,0.0593,호남권,11,98
2018,한일장신대학교,45,0.925,0.0206,호남권,12,114
2018,예원예술대학교,76,1.45,0.0191,호남권,13,116
2018,예수대학교,22,0.0833,0.0038,호남권,14,120
2019,한림대학교,783,337.2021,0.4307,강원권,1,19
2019,연세대학교(미래),397,163.985,0.4131,강원권,2,20
2019,가톨릭관동대학교,438,80.5137,0.1838,강원권,3,54
2019,경동대학교,256,27.7028,0.1082,강원권,4,76
2019,상지대학교,250,19.9292,0.0797,강원권,5,91
2019,한라대학교,121,8.1006,0.0669,강원권,6,94
2019,성균관대학교,1448,1321.9799,0.913,수도권,1,2
2019,연세대학교,1684,1390.6067,0.8258,수도권,2,3
2019,고려대학교,1442,1133.2114,0.7859,수도권,3,4
2019,한양대학교,1044,755.6454,0.7238,수도권,4,5
2019,경희대학교,1434,913.5122,0.637,수도권,5,7
2019,건국대학교,698,432.4941,0.6196,수도권,6,9
2019,가톨릭대학교,1163,694.4881,0.5972,수도권,7,10
2019,중앙대학교,1094,639.9467,0.585,수도권,8,11
2019,광운대학교,320,185.4706,0.5796,수도권,9,12
2019,인하대학교,824,463.6037,0.5626,수도권,10,13
2019,한양대학교(ERICA),378,210.6221,0.5572,수도권,11,14
2019,아주대학교,725,392.6707,0.5416,수도권,12,15
2019,가천대학교,897,429.9475,0.4793,수도권,13,16
2019,동국대학교,688,316.2358,0.4596,수도권,14,17
2019,이화여자대학교,962,429.8385,0.4468,수도권,15,18
2019,한국항공대학교,165,59.4425,0.3603,수도권,16,21
2019,숭실대학교,513,184.7917,0.3602,수도권,17,22
2019,을지대학교,408,144.823,0.355,수도권,18,23
2019,단국대학교,1012,333.50239999999997,0.3295,수도권,19,26
2019,경기대학교,513,164.3694,0.3204,수도권,20,27
2019,차의과학대학교,438,124.5888,0.2844,수도권,21,31
2019,숙명여자대학교,453,113.4036,0.2503,수도권,22,35
2019,국민대학교,624,152.5429,0.2445,수도권,23,40
2019,한국외국어대학교,694,161.571,0.2328,수도권,24,41
2019,홍익대학교,766,174.5394,0.2279,수도권,25,44
2019,상명대학교,472,98.67229999999999,0.2091,수도권,26,47
2019,명지대학교,541,108.0207,0.1997,수도권,27,51
2019,한성대학교,257,47.52,0.1849,수도권,28,53
2019,삼육대학교,204,36.9409,0.1811,수도권,29,55
2019,서울여자대학교,219,32.9962,0.1507,수도권,30,62
2019,덕성여자대학교,187,27.2658,0.1458,수도권,31,64
2019,수원대학교,355,44.8016,0.1262,수도권,32,68
2019,서경대학교,235,26.9475,0.1147,수도권,33,72
2019,동덕여자대학교,231,26.2845,0.1138,수도권,34,73
2019,경동대학교,256,27.7028,0.1082,수도권,35,76
2019,성결대학교,176,19.0013,0.108,수도권,36,77
2019,성신여자대학교,316,30.8448,0.0976,수도권,37,83
2019,안양대학교,192,16.912,0.0881,수도권,38,87
2019,신한대학교,227,15.1899,0.0669,수도권,39,94
2019,평택대학교,150,9.6913,0.0646,수도권,40,96
2019,한신대학교,171,10.4375,0.061,수도권,41,98
2019,한국성서대학교,43,2.5667,0.0597,수도권,42,100
2019,강남대학교,238,13.6102,0.0572,수도권,43,103
2019,한세대학교,131,6.6333,0.0506,수도권,44,105
2019,용인대학교,219,11.0392,0.0504,수도권,45,106
2019,대진대학교,263,12.4424,0.0473,수도권,46,109
2019,성공회대학교,83,3.3667,0.0406,수도권,47,110
2019,협성대학교,153,3.5413,0.0231,수도권,48,117
2019,서울기독대학교,33,0.4,0.0121,수도권,49,119
2019,인천가톨릭대학교,46,0.454,0.0099,수도권,50,120
2019,총신대학교,110,0.75,0.0068,수도권,51,121
2019,서울신학대학교,97,0.2,0.0021,수도권,52,122
2019,루터대학교,15,0.0,0.0,수도권,53,123
2019,예원예술대학교,75,0.0,0.0,수도권,53,123
2019,추계예술대학교,48,0.0,0.0,수도권,53,123
2019,포항공과대학교,282,353.8858,1.2549,영남권,1,1
2019,영남대학교,914,585.2059,0.6403,영남권,2,6
2019,울산대학교,1131,711.7814,0.6293,영남권,3,8
2019,인제대학교,1001,330.0751,0.3297,영남권,4,25
2019,계명대학교,915,276.5119,0.3022,영남권,5,29
2019,동명대학교,272,67.3317,0.2475,영남권,6,37
2019,대구가톨릭대학교,608,149.9072,0.2466,영남권,7,39
2019,동아대학교,774,176.5764,0.2281,영남권,8,43
2019,대구대학교,613,122.8099,0.2003,영남권,9,50
2019,부산가톨릭대학교,145,28.3383,0.1954,영남권,10,52
2019,김천대학교,146,23.8943,0.1637,영남권,11,58
2019,경남대학교,452,71.4935,0.1582,영남권,12,59
2019,창신대학교,84,11.4848,0.1367,영남권,13,67
2019,대구한의대학교,252,31.3026,0.1242,영남권,14,69
2019,경일대학교,252,30.4186,0.1207,영남권,15,70
2019,고신대학교,299,30.9478,0.1035,영남권,16,80
2019,동의대학교,552,56.7937,0.1029,영남권,17,81
2019,경성대학교,429,42.1858,0.0983,영남권,18,82
2019,신라대학교,321,31.0158,0.0966,영남권,19,84
2019,한동대학교,150,14.1301,0.0942,영남권,20,85
2019,동서대학교,362,31.0442,0.0858,영남권,21,88
2019,동양대학교,155,12.9788,0.0837,영남권,22,90
2019,영산대학교,242,15.1738,0.0627,영남권,23,97
2019,가야대학교,87,5.173,0.0595,영남권,24,101
2019,위덕대학교,126,7.4012,0.0587,영남권,25,102
2019,부산외국어대학교,266,9.1833,0.0345,영남권,26,112
2019,신경주대학교,75,2.4049,0.0321,영남권,27,113
2019,경운대학교,198,3.3667,0.017,영남권,28,118
2019,대구예술대학교,41,0.0,0.0,영남권,29,123
2019,대신대학교,30,0.0,0.0,영남권,29,123
2019,부산장신대학교,23,0.0,0.0,영남권,29,123
2019,제주국제대학교,64,2.0,0.0312,제주권,1,115
2019,을지대학교,408,144.823,0.355,충청권,1,23
2019,건국대학교(글로컬),455,155.901,0.3426,충청권,2,24
2019,단국대학교,1012,333.50239999999997,0.3295,충청권,3,26
2019,고려대학교(세종),263,81.4287,0.3096,충청권,4,28
2019,순천향대학교,930,261.8163,0.2815,충청권,5,32
2019,중원대학교,147,39.8447,0.2711,충청권,6,33
2019,한국기술교육대학교,188,50.0962,0.2665,충청권,7,34
2019,남서울대학교,353,87.9372,0.2491,충청권,8,36
2019,청주대학교,388,95.7726,0.2468,충청권,9,38
2019,선문대학교,321,73.9927,0.2305,충청권,10,42
2019,홍익대학교,766,174.5394,0.2279,충청권,11,44
2019,한서대학교,268,58.172,0.2171,충청권,12,45
2019,세명대학교,279,60.3848,0.2164,충청권,13,46
2019,상명대학교,472,98.67229999999999,0.2091,충청권,14,47
2019,한남대학교,412,84.2676,0.2045,충청권,15,48
2019,서원대학교,235,41.093,0.1749,충청권,16,56
2019,극동대학교,146,24.267,0.1662,충청권,17,57
2019,중부대학교,286,43.2273,0.1511,충청권,18,61
2019,호서대학교,456,68.0662,0.1493,충청권,19,63
2019,건양대학교,399,57.736599999999996,0.1447,충청권,20,65
2019,우송대학교,344,49.6876,0.1444,충청권,21,66
2019,목원대학교,282,32.0942,0.1138,충청권,22,73
2019,대전대학교,349,39.0663,0.1119,충청권,23,75
2019,배재대학교,306,32.3814,0.1058,충청권,24,78
2019,백석대학교,493,41.5703,0.0843,충청권,25,89
2019,유원대학교,152,10.4357,0.0687,충청권,26,93
2019,나사렛대학교,174,8.5937,0.0494,충청권,27,108
2019,금강대학교,21,0.0,0.0,충청권,28,123
2019,조선대학교,809,244.2537,0.3019,호남권,1,30
2019,원광대학교,734,147.0844,0.2004,호남권,2,49
2019,전주대학교,376,57.6057,0.1532,호남권,3,60
2019,광주대학교,243,28.7595,0.1184,호남권,4,71
2019,광주여자대학교,133,13.8109,0.1038,호남권,5,79
2019,남부대학교,126,11.1972,0.0889,호남권,6,86
2019,예수대학교,22,1.625,0.0739,호남권,7,92
2019,동신대학교,274,16.4448,0.06,호남권,8,99
2019,우석대학교,283,14.6827,0.0519,호남권,9,104
2019,세한대학교,144,7.1763,0.0498,호남권,10,107
2019,초당대학교,116,4.5008,0.0388,호남권,11,111
2019,목포가톨릭대학교,21,0.6667,0.0317,호남권,12,114
2019,한일장신대학교,46,1.1667,0.0254,호남권,13,116
2019,예원예술대학교,75,0.0,0.0,호남권,14,123
2020,한림대학교,773,384.6498,0.4976,강원권,1,18
2020,연세대학교(미래),399,176.2783,0.4418,강원권,2,20
2020,가톨릭관동대학교,423,82.6449,0.1954,강원권,3,50
2020,경동대학교,254,25.4819,0.1003,강원권,4,78
2020,상지대학교,280,21.2727,0.076,강원권,5,96
2020,한라대학교,126,7.3336,0.0582,강원권,6,103
2020,성균관대학교,1487,1461.0132,0.9825,수도권,1,2
2020,연세대학교,1724,1539.3073,0.8929,수도권,2,3
2020,고려대학교,1477,1217.8471,0.8245,수도권,3,4
2020,한양대학교,1063,782.296,0.7359,수도권,4,5
2020,건국대학교,689,466.187,0.6766,수도권,5,6
2020,가톨릭대학교,1169,745.5055,0.6377,수도권,6,8
2020,경희대학교,1404,887.4218,0.6321,수도권,7,9
2020,중앙대학교,1101,687.4065,0.6243,수도권,8,11
2020,인하대학교,819,489.1411,0.5972,수도권,9,12
2020,아주대학교,725,430.1333,0.5933,수도권,10,13
2020,가천대학교,905,526.8803,0.5822,수도권,11,14
2020,한양대학교(ERICA),377,218.1134,0.5786,수도권,12,15
2020,동국대학교,682,390.8258,0.5731,수도권,13,16
2020,광운대학교,327,167.767,0.513,수도권,14,17
2020,이화여자대학교,972,436.123,0.4487,수도권,15,19
2020,을지대학교,400,152.12630000000001,0.3803,수도권,16,22
2020,숭실대학교,523,193.7925,0.3705,수도권,17,24
2020,한국항공대학교,168,61.9972,0.369,수도권,18,25
2020,경기대학교,541,183.6688,0.3395,수도권,19,28
2020,상명대학교,471,154.7848,0.3286,수도권,20,31
2020,단국대학교,1063,341.152,0.3209,수도권,21,32
2020,차의과학대학교,443,140.2993,0.3167,수도권,22,33
2020,숙명여자대학교,453,126.9262,0.2802,수도권,23,36
2020,홍익대학교,779,216.72979999999998,0.2782,수도권,24,37
2020,국민대학교,675,183.9897,0.2726,수도권,25,38
2020,한국외국어대학교,680,144.3509,0.2123,수도권,26,44
2020,명지대학교,539,106.2749,0.1972,수도권,27,49
2020,덕성여자대학교,182,34.2972,0.1884,수도권,28,51
2020,한성대학교,262,46.0161,0.1756,수도권,29,54
2020,안양대학교,189,32.128,0.17,수도권,30,55
2020,성신여자대학교,306,39.5266,0.1292,수도권,31,68
2020,삼육대학교,210,26.7039,0.1272,수도권,32,69
2020,평택대학교,144,15.4487,0.1073,수도권,33,73
2020,성결대학교,191,19.7385,0.1033,수도권,34,75
2020,서경대학교,239,24.2381,0.1014,수도권,35,76
2020,서울여자대학교,222,22.4775,0.1012,수도권,36,77
2020,경동대학교,254,25.4819,0.1003,수도권,37,78
2020,수원대학교,327,29.7802,0.0911,수도권,38,84
2020,신한대학교,230,19.2505,0.0837,수도권,39,88
2020,강남대학교,238,19.7094,0.0828,수도권,40,90
2020,대진대학교,253,20.4443,0.0808,수도권,41,93
2020,동덕여자대학교,227,18.2462,0.0804,수도권,42,94
2020,한신대학교,178,13.5524,0.0761,수도권,43,95
2020,인천가톨릭대학교,45,3.1857,0.0708,수도권,44,98
2020,용인대학교,217,13.1166,0.0604,수도권,45,101
2020,성공회대학교,87,3.325,0.0382,수도권,46,110
2020,한세대학교,126,4.4,0.0349,수도권,47,111
2020,협성대학교,145,5.0062,0.0345,수도권,48,112
2020,한국성서대학교,45,1.3,0.0289,수도권,49,114
2020,총신대학교,112,2.5,0.0223,수도권,50,116
2020,서울신학대학교,99,0.5667,0.0057,수도권,51,121
2020,루터대학교,19,0.0,0.0,수도권,52,122
2020,서울기독대학교,29,0.0,0.0,수도권,52,122
2020,예원예술대학교,73,0.0,0.0,수도권,52,122
2020,추계예술대학교,52,0.0,0.0,수도권,52,122
2020,포항공과대학교,291,340.7327,1.1709,영남권,1,1
2020,울산대학교,1131,743.1924,0.6571,영남권,2,7
2020,영남대학교,886,557.2633,0.629,영남권,3,10
2020,인제대학교,1001,330.3685,0.33,영남권,4,30
2020,대구가톨릭대학교,603,171.7839,0.2849,영남권,5,35
2020,계명대학교,902,217.7949,0.2415,영남권,6,41
2020,동아대학교,772,179.6995,0.2328,영남권,7,42
2020,대구대학교,593,121.8223,0.2054,영남권,8,45
2020,동명대학교,276,48.8329,0.1769,영남권,9,53
2020,고신대학교,305,49.2671,0.1615,영남권,10,59
2020,부산가톨릭대학교,149,22.9291,0.1539,영남권,11,61
2020,창신대학교,90,13.0514,0.145,영남권,12,63
2020,한동대학교,158,21.0008,0.1329,영남권,13,66
2020,경남대학교,447,55.4089,0.124,영남권,14,70
2020,동의대학교,572,67.4599,0.1179,영남권,15,71
2020,경성대학교,438,43.2382,0.0987,영남권,16,79
2020,동서대학교,365,35.0728,0.0961,영남권,17,80
2020,대구한의대학교,246,22.9429,0.0933,영남권,18,82
2020,영산대학교,227,20.9315,0.0922,영남권,19,83
2020,경일대학교,255,22.1199,0.0867,영남권,20,86
2020,신라대학교,314,26.2163,0.0835,영남권,21,89
2020,가야대학교,97,5.1,0.0526,영남권,22,104
2020,김천대학교,134,6.875,0.0513,영남권,23,105
2020,동양대학교,148,6.2455,0.0422,영남권,24,108
2020,위덕대학교,118,3.4816,0.0295,영남권,25,113
2020,부산외국어대학교,259,5.3666,0.0207,영남권,26,117
2020,경운대학교,195,3.8978,0.02,영남권,27,118
2020,신경주대학교,66,1.1012,0.0167,영남권,28,119
2020,대구예술대학교,36,0.0,0.0,영남권,29,122
2020,대신대학교,35,0.0,0.0,영남권,29,122
2020,부산장신대학교,21,0.0,0.0,영남권,29,122
2020,제주국제대학교,60,5.2125,0.0869,제주권,1,85
2020,건국대학교(글로컬),462,179.3782,0.3883,충청권,1,21
2020,을지대학교,400,152.12630000000001,0.3803,충청권,2,22
2020,고려대학교(세종),260,96.5319,0.3713,충청권,3,23
2020,한국기술교육대학교,188,68.0083,0.3617,충청권,4,27
2020,순천향대학교,929,307.1265,0.3306,충청권,5,29
2020,상명대학교,471,154.7848,0.3286,충청권,6,31
2020,단국대학교,1063,341.152,0.3209,충청권,7,32
2020,우송대학교,339,100.9275,0.2977,충청권,8,34
2020,홍익대학교,779,216.72979999999998,0.2782,충청권,9,37
2020,세명대학교,271,68.0955,0.2513,충청권,10,39
2020,남서울대학교,332,82.7777,0.2493,충청권,11,40
2020,중원대학교,140,29.8362,0.2131,충청권,12,43
2020,한서대학교,269,54.0814,0.201,충청권,13,47
2020,선문대학교,316,62.786,0.1987,충청권,14,48
2020,청주대학교,383,69.7565,0.1821,충청권,15,52
2020,건양대학교,385,62.6648,0.1628,충청권,16,58
2020,한남대학교,423,68.2079,0.1612,충청권,17,60
2020,대전대학교,346,46.4725,0.1343,충청권,18,64
2020,호서대학교,495,66.3669,0.1341,충청권,19,65
2020,중부대학교,300,39.5805,0.1319,충청권,20,67
2020,극동대학교,145,16.6787,0.115,충청권,21,72
2020,서원대학교,229,21.6195,0.0944,충청권,22,81
2020,배재대학교,306,26.0215,0.085,충청권,23,87
2020,목원대학교,300,24.3171,0.0811,충청권,24,92
2020,백석대학교,491,35.4453,0.0722,충청권,25,97
2020,나사렛대학교,165,7.7343,0.0469,충청권,26,107
2020,유원대학교,135,5.1917,0.0385,충청권,27,109
2020,금강대학교,14,0.0,0.0,충청권,28,122
2020,조선대학교,773,279.8491,0.362,호남권,1,26
2020,원광대학교,743,149.7687,0.2016,호남권,2,46
2020,광주대학교,256,42.9786,0.1679,호남권,3,56
2020,전주대학교,379,63.3866,0.1672,호남권,4,57
2020,남부대학교,120,18.3741,0.1531,호남권,5,62
2020,동신대학교,263,27.6691,0.1052,호남권,6,74
2020,광주여자대학교,131,10.7517,0.0821,호남권,7,91
2020,한일장신대학교,46,2.8856,0.0627,호남권,8,99
2020,초당대학교,113,7.0588,0.0625,호남권,9,100
2020,목포가톨릭대학교,17,1.0,0.0588,호남권,10,102
2020,우석대학교,316,15.945,0.0505,호남권,11,106
2020,세한대학교,142,4.0001,0.0282,호남권,12,115
2020,예수대학교,21,0.3333,0.0159,호남권,13,120
2020,예원예술대학교,73,0.0,0.0,호남권,14,122
2021,한림대학교,759,424.0183,0.5587,강원권,1,16
2021,연세대학교(미래),411,178.6125,0.4346,강원권,2,20
2021,상지대학교,305,62.3086,0.2043,강원권,3,49
2021,가톨릭관동대학교,427,73.7527,0.1727,강원권,4,58
2021,경동대학교,247,21.987099999999998,0.089,강원권,5,83
2021,한라대학교,132,10.333,0.0783,강원권,6,86
2021,성균관대학교,1496,1473.2985,0.9848,수도권,1,2
2021,연세대학교,1729,1619.6579,0.9368,수도권,2,3
2021,고려대학교,1504,1266.0364,0.8418,수도권,3,4
2021,한양대학교,1067,834.7164,0.7823,수도권,4,5
2021,건국대학교,659,456.1679,0.6922,수도권,5,6
2021,가천대학교,915,621.5073,0.6792,수도권,6,7
2021,중앙대학교,1101,744.588,0.6763,수도권,7,8
2021,가톨릭대학교,1196,803.6454,0.6719,수도권,8,10
2021,경희대학교,1361,882.4473,0.6484,수도권,9,12
2021,아주대학교,743,443.0421,0.5963,수도권,10,13
2021,인하대학교,831,495.208,0.5959,수도권,11,14
2021,한양대학교(ERICA),383,221.5461,0.5784,수도권,12,15
2021,동국대학교,711,390.0313,0.5486,수도권,13,17
2021,광운대학교,332,168.1959,0.5066,수도권,14,18
2021,이화여자대학교,975,479.8442,0.4921,수도권,15,19
2021,숭실대학교,539,224.2883,0.4161,수도권,16,21
2021,차의과학대학교,461,179.252,0.3888,수도권,17,22
2021,을지대학교,456,170.5716,0.3741,수도권,18,25
2021,단국대학교,1085,381.6344,0.3517,수도권,19,27
2021,한국항공대학교,172,57.7083,0.3355,수도권,20,31
2021,경기대학교,578,177.2484,0.3067,수도권,21,32
2021,상명대학교,500,147.73160000000001,0.2955,수도권,22,34
2021,홍익대학교,775,228.0289,0.2942,수도권,23,35
2021,국민대학교,685,180.0337,0.2628,수도권,24,38
2021,숙명여자대학교,440,109.9021,0.2498,수도권,25,39
2021,한국외국어대학교,662,149.6679,0.2261,수도권,26,43
2021,안양대학교,197,42.1832,0.2141,수도권,27,46
2021,명지대학교,530,102.2092,0.1928,수도권,28,53
2021,한성대학교,263,47.329,0.18,수도권,29,56
2021,삼육대학교,221,35.5307,0.1608,수도권,30,60
2021,성신여자대학교,333,49.218,0.1478,수도권,31,62
2021,서울여자대학교,225,33.004,0.1467,수도권,32,64
2021,대진대학교,252,31.2711,0.1241,수도권,33,66
2021,수원대학교,318,36.1227,0.1136,수도권,34,69
2021,덕성여자대학교,226,25.3048,0.112,수도권,35,70
2021,동덕여자대학교,240,22.269,0.0928,수도권,36,79
2021,신한대학교,224,20.1385,0.0899,수도권,37,82
2021,경동대학교,247,21.987099999999998,0.089,수도권,38,83
2021,성공회대학교,88,6.6373,0.0754,수도권,39,87
2021,강남대학교,237,16.2388,0.0685,수도권,40,93
2021,한신대학교,190,11.7478,0.0618,수도권,41,96
2021,한국성서대학교,45,2.3667,0.0526,수도권,42,100
2021,용인대학교,210,10.7006,0.051,수도권,43,101
2021,서경대학교,254,12.089,0.0476,수도권,44,102
2021,성결대학교,217,9.6913,0.0447,수도권,45,104
2021,평택대학교,145,6.4748,0.0447,수도권,45,104
2021,협성대학교,155,5.0985,0.0329,수도권,47,109
2021,한세대학교,121,3.1762,0.0262,수도권,48,112
2021,인천가톨릭대학교,45,0.8667,0.0193,수도권,49,114
2021,서울신학대학교,113,1.9968,0.0177,수도권,50,116
2021,예원예술대학교,76,0.5,0.0066,수도권,51,121
2021,루터대학교,17,0.0,0.0,수도권,52,122
2021,서울기독대학교,27,0.0,0.0,수도권,52,122
2021,총신대학교,108,0.0,0.0,수도권,52,122
2021,추계예술대학교,52,0.0,0.0,수도권,52,122
2021,포항공과대학교,287,347.7303,1.2116,영남권,1,1
2021,영남대학교,932,628.4142,0.6743,영남권,2,9
2021,울산대학교,1149,771.6825,0.6716,영남권,3,11
2021,인제대학교,989,345.0696,0.3489,영남권,4,28
2021,계명대학교,900,275.4119,0.306,영남권,5,33
2021,대구가톨릭대학교,596,167.7745,0.2815,영남권,6,36
2021,동아대학교,794,183.8865,0.2316,영남권,7,41
2021,대구대학교,594,133.0908,0.2241,영남권,8,44
2021,동명대학교,282,56.901,0.2018,영남권,9,50
2021,부산가톨릭대학교,145,28.9459,0.1996,영남권,10,51
2021,고신대학교,301,52.5122,0.1745,영남권,11,57
2021,경남대학교,467,68.5641,0.1468,영남권,12,63
2021,신라대학교,329,40.5782,0.1233,영남권,13,67
2021,김천대학교,130,14.993,0.1153,영남권,14,68
2021,동의대학교,573,63.8852,0.1115,영남권,15,71
2021,동서대학교,369,40.9775,0.1111,영남권,16,72
2021,창신대학교,85,9.0862,0.1069,영남권,17,73
2021,대구한의대학교,245,25.8068,0.1053,영남권,18,74
2021,한동대학교,149,15.2675,0.1025,영남권,19,76
2021,동양대학교,152,14.9647,0.0985,영남권,20,78
2021,영산대학교,245,22.073500000000003,0.0901,영남권,21,81
2021,경성대학교,455,40.5168,0.089,영남권,22,83
2021,위덕대학교,114,6.7532,0.0592,영남권,23,97
2021,경일대학교,253,10.2659,0.0406,영남권,24,108
2021,가야대학교,89,2.5417,0.0286,영남권,25,111
2021,부산외국어대학교,268,4.8071,0.0179,영남권,26,115
2021,신경주대학교,60,0.6013,0.01,영남권,27,118
2021,경운대학교,197,1.9278,0.0098,영남권,28,119
2021,대구예술대학교,34,0.0,0.0,영남권,29,122
2021,대신대학교,34,0.0,0.0,영남권,29,122
2021,부산장신대학교,20,0.0,0.0,영남권,29,122
2021,제주국제대학교,62,0.5,0.0081,제주권,1,120
2021,건국대학교(글로컬),462,175.7938,0.3805,충청권,1,23
2021,순천향대학교,929,351.8049,0.3787,충청권,2,24
2021,을지대학교,456,170.5716,0.3741,충청권,3,25
2021,단국대학교,1085,381.6344,0.3517,충청권,4,27
2021,한국기술교육대학교,195,67.5652,0.3465,충청권,5,29
2021,고려대학교(세종),261,88.9334,0.3407,충청권,6,30
2021,상명대학교,500,147.73160000000001,0.2955,충청권,7,34
2021,홍익대학교,775,228.0289,0.2942,충청권,8,35
2021,우송대학교,366,101.6374,0.2777,충청권,9,37
2021,중원대학교,147,35.7025,0.2429,충청권,10,40
2021,건양대학교,376,85.33439999999999,0.227,충청권,11,42
2021,세명대학교,299,64.5758,0.216,충청권,12,45
2021,선문대학교,339,71.7344,0.2116,충청권,13,48
2021,대전대학교,336,66.4292,0.1977,충청권,14,52
2021,남서울대학교,332,62.8511,0.1893,충청권,15,54
2021,한남대학교,452,82.4751,0.1825,충청권,16,55
2021,한서대학교,273,44.012,0.1612,충청권,17,59
2021,청주대학교,403,62.9177,0.1561,충청권,18,61
2021,호서대학교,544,50.502,0.0928,충청권,19,79
2021,배재대학교,310,26.4932,0.0855,충청권,20,85
2021,서원대학교,244,18.3666,0.0753,충청권,21,88
2021,가톨릭꽃동네대학교,24,1.75,0.0729,충청권,22,89
2021,중부대학교,318,22.7783,0.0716,충청권,23,90
2021,극동대학교,144,10.1243,0.0703,충청권,24,91
2021,목원대학교,297,20.2632,0.0682,충청권,25,94
2021,백석대학교,492,31.5502,0.0641,충청권,26,95
2021,나사렛대학교,187,8.3045,0.0444,충청권,27,106
2021,유원대학교,125,2.7525,0.022,충청권,28,113
2021,금강대학교,18,0.0,0.0,충청권,29,122
2021,조선대학교,826,299.7579,0.3629,호남권,1,26
2021,원광대학교,771,163.9054,0.2126,호남권,2,47
2021,전주대학교,419,57.0385,0.1361,호남권,3,65
2021,남부대학교,124,12.948,0.1044,호남권,4,75
2021,우석대학교,318,31.8526,0.1002,호남권,5,77
2021,광주대학교,252,17.6393,0.07,호남권,6,92
2021,동신대학교,256,14.4875,0.0566,호남권,7,98
2021,광주여자대학교,144,7.8385,0.0544,호남권,8,99
2021,세한대학교,136,6.2088,0.0457,호남권,9,103
2021,초당대학교,119,4.9983,0.042,호남권,10,107
2021,예수대학교,20,0.5834,0.0292,호남권,11,110
2021,한일장신대학교,44,0.5,0.0114,호남권,12,117
2021,예원예술대학교,76,0.5,0.0066,호남권,13,121
2021,목포가톨릭대학교,20,0.0,0.0,호남권,14,122
2022,한림대학교,763,396.2448,0.5193,강원권,1,17
2022,연세대학교(미래),400,177.3968,0.4435,강원권,2,20
2022,가톨릭관동대학교,410,74.2869,0.1812,강원권,3,58
2022,경동대학교,234,26.585900000000002,0.1136,강원권,4,78
2022,상지대학교,292,29.3023,0.1004,강원권,5,85
2022,한라대학교,125,7.7401,0.0619,강원권,6,101
2022,성균관대학교,1525,1662.4755,1.0901,수도권,1,2
2022,연세대학교,1731,1664.7042,0.9617,수도권,2,3
2022,고려대학교,1511,1332.3588,0.8818,수도권,3,4
2022,한양대학교,1138,908.2272,0.7981,수도권,4,5
2022,중앙대학교,1123,890.1266,0.7926,수도권,5,6
2022,가천대학교,937,732.5631,0.7818,수도권,6,7
2022,경희대학교,1360,1017.9001,0.7485,수도권,7,9
2022,건국대학교,627,461.3653,0.7358,수도권,8,11
2022,가톨릭대학교,1215,875.8267999999999,0.7208,수도권,9,12
2022,아주대학교,747,513.4886,0.6874,수도권,10,13
2022,동국대학교,694,462.1599,0.6659,수도권,11,14
2022,한양대학교(ERICA),393,245.3136,0.6242,수도권,12,15
2022,인하대학교,859,483.5605,0.5629,수도권,13,16
2022,이화여자대학교,989,506.0588,0.5117,수도권,14,18
2022,숭실대학교,510,241.6248,0.4738,수도권,15,19
2022,차의과학대학교,473,207.5227,0.4387,수도권,16,21
2022,광운대학교,329,136.1123,0.4137,수도권,17,22
2022,단국대학교,1018,393.03549999999996,0.3861,수도권,18,25
2022,한국항공대학교,170,63.5781,0.374,수도권,19,28
2022,을지대학교,462,153.1608,0.3315,수도권,20,33
2022,홍익대학교,750,233.1851,0.3109,수도권,21,35
2022,경기대학교,546,160.5556,0.2941,수도권,22,37
2022,상명대학교,483,139.3305,0.2885,수도권,23,38
2022,국민대학교,668,183.0243,0.274,수도권,24,39
2022,숙명여자대학교,432,117.4708,0.2719,수도권,25,40
2022,한국외국어대학교,644,162.4257,0.2522,수도권,26,42
2022,덕성여자대학교,213,51.9142,0.2437,수도권,27,46
2022,삼육대학교,215,43.7265,0.2034,수도권,28,51
2022,명지대학교,513,102.77510000000001,0.2003,수도권,29,56
2022,서울여자대학교,232,45.4037,0.1957,수도권,30,57
2022,성신여자대학교,326,55.641,0.1707,수도권,31,59
2022,안양대학교,194,30.9196,0.1594,수도권,32,63
2022,대진대학교,258,39.067,0.1514,수도권,33,65
2022,한국공학대학교,257,37.7783,0.147,수도권,34,68
2022,수원대학교,316,38.0829,0.1205,수도권,35,75
2022,동덕여자대학교,233,27.7549,0.1191,수도권,36,76
2022,경동대학교,234,26.585900000000002,0.1136,수도권,37,78
2022,한성대학교,265,28.6198,0.108,수도권,38,83
2022,강서대학교,53,5.13,0.0968,수도권,39,89
2022,신한대학교,226,18.6778,0.0826,수도권,40,94
2022,강남대학교,238,15.9666,0.0671,수도권,41,97
2022,성결대학교,200,13.0293,0.0651,수도권,42,99
2022,한신대학교,182,11.7992,0.0648,수도권,43,100
2022,서경대학교,251,15.544,0.0619,수도권,44,101
2022,한국성서대학교,44,2.554,0.058,수도권,45,104
2022,화성의과학대학교,34,1.8209,0.0536,수도권,46,105
2022,용인대학교,203,10.8424,0.0534,수도권,47,106
2022,평택대학교,134,6.9798,0.0521,수도권,48,107
2022,한세대학교,117,3.75,0.0321,수도권,49,113
2022,서울신학대학교,108,3.0786,0.0285,수도권,50,116
2022,성공회대학교,88,2.45,0.0278,수도권,51,118
2022,협성대학교,149,3.6818,0.0247,수도권,52,120
2022,인천가톨릭대학교,45,1.0111,0.0225,수도권,53,121
2022,총신대학교,123,2.4778,0.0201,수도권,54,122
2022,예원예술대학교,73,0.1667,0.0023,수도권,55,126
2022,루터대학교,17,0.0,0.0,수도권,56,127
2022,서울기독대학교,29,0.0,0.0,수도권,56,127
2022,추계예술대학교,56,0.0,0.0,수도권,56,127
2022,포항공과대학교,283,352.2597,1.2447,영남권,1,1
2022,영남대학교,948,723.3553,0.763,영남권,2,8
2022,울산대학교,1131,846.0647,0.7481,영남권,3,10
2022,인제대학교,967,394.4228,0.4079,영남권,4,23
2022,동국대학교(WISE),331,112.8257,0.3409,영남권,5,32
2022,계명대학교,888,288.8673,0.3253,영남권,6,34
2022,대구가톨릭대학교,596,153.0554,0.2568,영남권,7,41
2022,창신대학교,83,20.4305,0.2462,영남권,8,44
2022,동아대학교,782,190.7238,0.2439,영남권,9,45
2022,고신대학교,294,68.0195,0.2314,영남권,10,47
2022,부산가톨릭대학교,143,29.5727,0.2068,영남권,11,50
2022,대구대학교,579,116.2801,0.2008,영남권,12,54
2022,동의대학교,569,82.5921,0.1452,영남권,13,69
2022,한동대학교,153,21.7805,0.1424,영남권,14,70
2022,동명대학교,273,37.2618,0.1365,영남권,15,71
2022,대구한의대학교,244,31.5457,0.1293,영남권,16,72
2022,영산대학교,237,27.134,0.1145,영남권,17,77
2022,경남대학교,422,47.9226,0.1136,영남권,18,78
2022,동서대학교,354,38.6491,0.1092,영남권,19,81
2022,신라대학교,309,33.4694,0.1083,영남권,20,82
2022,경일대학교,247,24.5354,0.0993,영남권,21,86
2022,동양대학교,148,14.5191,0.0981,영남권,22,88
2022,경성대학교,429,37.1687,0.0866,영남권,23,91
2022,가야대학교,81,5.7054,0.0704,영남권,24,96
2022,김천대학교,120,7.8355,0.0653,영남권,25,98
2022,부산외국어대학교,247,9.1512,0.037,영남권,26,111
2022,위덕대학교,112,2.85,0.0254,영남권,27,119
2022,경운대학교,184,1.9346,0.0105,영남권,28,124
2022,신경주대학교,48,0.25,0.0052,영남권,29,125
2022,대구예술대학교,31,0.0,0.0,영남권,30,127
2022,대신대학교,28,0.0,0.0,영남권,30,127
2022,부산장신대학교,19,0.0,0.0,영남권,30,127
2022,제주국제대학교,58,1.8611,0.0321,제주권,1,113
2022,순천향대학교,930,375.912,0.4042,충청권,1,24
2022,단국대학교,1018,393.03549999999996,0.3861,충청권,2,25
2022,건국대학교(글로컬),443,167.2058,0.3774,충청권,3,27
2022,한국기술교육대학교,192,71.6473,0.3732,충청권,4,29
2022,고려대학교(세종),258,95.0209,0.3683,충청권,5,30
2022,우송대학교,305,111.9194,0.3669,충청권,6,31
2022,을지대학교,462,153.1608,0.3315,충청권,7,33
2022,홍익대학교,750,233.1851,0.3109,충청권,8,35
2022,건양대학교,374,115.45679999999999,0.3087,충청권,9,36
2022,상명대학교,483,139.3305,0.2885,충청권,10,38
2022,한서대학교,264,61.0978,0.2314,충청권,11,47
2022,선문대학교,315,70.9893,0.2254,충청권,12,49
2022,세명대학교,287,58.0119,0.2021,충청권,13,52
2022,중원대학교,144,28.9168,0.2008,충청권,14,54
2022,청주대학교,367,60.039,0.1636,충청권,15,60
2022,중부대학교,297,47.5073,0.16,충청권,16,61
2022,대전대학교,322,51.4805,0.1599,충청권,17,62
2022,한남대학교,420,64.6703,0.154,충청권,18,64
2022,남서울대학교,327,48.2503,0.1476,충청권,19,66
2022,배재대학교,291,36.05,0.1239,충청권,20,74
2022,호서대학교,510,56.5845,0.1109,충청권,21,80
2022,극동대학교,139,12.9356,0.0931,충청권,22,90
2022,가톨릭꽃동네대학교,23,1.9833,0.0862,충청권,23,93
2022,서원대학교,234,18.6522,0.0797,충청권,24,95
2022,목원대학교,290,11.5761,0.0399,충청권,25,109
2022,나사렛대학교,176,6.7808,0.0385,충청권,26,110
2022,유원대학교,127,3.8611,0.0304,충청권,27,115
2022,백석대학교,488,13.6829,0.028,충청권,28,117
2022,금강대학교,15,0.25,0.0167,충청권,29,123
2022,조선대학교,785,299.455,0.3815,호남권,1,26
2022,원광대학교,732,183.089,0.2501,호남권,2,43
2022,전주대학교,367,73.9462,0.2015,호남권,3,53
2022,남부대학교,118,17.3533,0.1471,호남권,4,67
2022,예수대학교,20,2.4909,0.1245,호남권,5,73
2022,세한대학교,125,13.1333,0.1051,호남권,6,84
2022,동신대학교,251,24.6574,0.0982,호남권,7,87
2022,우석대학교,302,26.0628,0.0863,호남권,8,92
2022,광주여자대학교,135,8.0149,0.0594,호남권,9,103
2022,광주대학교,244,9.8898,0.0405,호남권,10,108
2022,초당대학교,119,4.0714,0.0342,호남권,11,112
2022,예원예술대학교,73,0.1667,0.0023,호남권,12,126
2022,목포가톨릭대학교,19,0.0,0.0,호남권,13,127
2022,한일장신대학교,44,0.0,0.0,호남권,13,127
2023,한림대학교,748,384.9025,0.5146,강원권,1,17
2023,연세대학교(미래),396,194.822,0.492,강원권,2,19
2023,가톨릭관동대학교,389,61.0929,0.1571,강원권,3,60
2023,상지대학교,254,30.4995,0.1201,강원권,4,76
2023,한라대학교,118,9.5322,0.0808,강원권,5,96
2023,경동대학교,229,16.5957,0.0725,강원권,6,99
2023,성균관대학교,1520,1540.9736,1.0138,수도권,1,2
2023,연세대학교,1746,1653.0366,0.9468,수도권,2,3
2023,고려대학교,1525,1277.916,0.838,수도권,3,5
2023,가천대학교,938,779.5843,0.8311,수도권,4,6
2023,한양대학교,1150,911.6363,0.7927,수도권,5,7
2023,경희대학교,1396,1005.5666,0.7203,수도권,6,8
2023,중앙대학교,1151,804.5996,0.699,수도권,7,9
2023,동국대학교,681,468.6421,0.6882,수도권,8,10
2023,가톨릭대학교,1266,860.4970000000001,0.6797,수도권,9,11
2023,아주대학교,746,501.8563,0.6727,수도권,10,12
2023,건국대학교,623,409.6728,0.6576,수도권,11,13
2023,인하대학교,890,503.2652,0.5655,수도권,12,15
2023,한양대학교(ERICA),407,227.8656,0.5599,수도권,13,16
2023,이화여자대학교,981,486.4614,0.4959,수도권,14,18
2023,광운대학교,323,153.3947,0.4749,수도권,15,20
2023,숭실대학교,507,240.1072,0.4736,수도권,16,21
2023,단국대학교,1020,356.7428,0.3497,수도권,17,27
2023,한국항공대학교,165,57.0489,0.3458,수도권,18,28
2023,상명대학교,481,163.5442,0.34,수도권,19,29
2023,차의과학대학교,482,163.8206,0.3399,수도권,20,30
2023,국민대학교,663,215.5947,0.3252,수도권,21,32
2023,경기대학교,516,164.7779,0.3193,수도권,22,33
2023,홍익대학교,721,225.0168,0.3121,수도권,23,34
2023,을지대학교,458,138.51309999999998,0.3024,수도권,24,36
2023,삼육대학교,215,59.4467,0.2765,수도권,25,39
2023,숙명여자대학교,422,102.7665,0.2435,수도권,26,42
2023,한국외국어대학교,633,147.1118,0.2324,수도권,27,44
2023,서울여자대학교,232,42.7038,0.1841,수도권,28,50
2023,명지대학교,506,92.8654,0.1835,수도권,29,51
2023,덕성여자대학교,209,34.6725,0.1659,수도권,30,54
2023,성신여자대학교,312,49.7344,0.1594,수도권,31,58
2023,화성의과학대학교,29,4.6222,0.1594,수도권,31,58
2023,안양대학교,190,28.767599999999998,0.1514,수도권,33,63
2023,한국공학대학교,256,36.9031,0.1442,수도권,34,64
2023,한성대학교,265,36.9605,0.1395,수도권,35,67
2023,강서대학교,53,6.5452,0.1235,수도권,36,75
2023,동덕여자대학교,223,25.967,0.1164,수도권,37,77
2023,대진대학교,256,28.205,0.1102,수도권,38,79
2023,수원대학교,329,34.6665,0.1054,수도권,39,82
2023,신한대학교,225,22.3358,0.0993,수도권,40,85
2023,강남대학교,232,18.0929,0.078,수도권,41,97
2023,용인대학교,202,15.1846,0.0752,수도권,42,98
2023,경동대학교,229,16.5957,0.0725,수도권,43,99
2023,한국성서대학교,44,2.9096,0.0661,수도권,44,100
2023,성공회대학교,82,4.5929,0.056,수도권,45,104
2023,한신대학교,181,10.069,0.0556,수도권,46,105
2023,서경대학교,255,13.6547,0.0535,수도권,47,106
2023,성결대학교,187,8.1602,0.0436,수도권,48,109
2023,한세대학교,109,3.8076,0.0349,수도권,49,112
2023,서울신학대학교,103,2.4619,0.0239,수도권,50,116
2023,평택대학교,132,2.409,0.0182,수도권,51,118
2023,협성대학교,144,2.625,0.0182,수도권,51,118
2023,인천가톨릭대학교,45,0.3833,0.0085,수도권,53,121
2023,추계예술대학교,53,0.2,0.0038,수도권,54,123
2023,총신대학교,120,0.4,0.0033,수도권,55,124
2023,루터대학교,16,0.0,0.0,수도권,56,125
2023,서울기독대학교,27,0.0,0.0,수도권,56,125
2023,예원예술대학교,65,0.0,0.0,수도권,56,125
2023,포항공과대학교,284,308.4781,1.0862,영남권,1,1
2023,영남대학교,924,808.2646,0.8747,영남권,2,4
2023,울산대학교,1100,694.2534,0.6311,영남권,3,14
2023,인제대학교,937,330.7655,0.353,영남권,4,26
2023,계명대학교,844,260.4731,0.3086,영남권,5,35
2023,대구가톨릭대학교,570,158.7878,0.2786,영남권,6,37
2023,동국대학교(WISE),319,86.1562,0.2701,영남권,7,40
2023,동아대학교,779,190.5422,0.2446,영남권,8,41
2023,한동대학교,149,31.5281,0.2116,영남권,9,47
2023,고신대학교,283,59.5674,0.2105,영남권,10,48
2023,창신대학교,81,15.662,0.1934,영남권,11,49
2023,대구대학교,546,92.3226,0.1691,영남권,12,53
2023,경남대학교,412,66.8094,0.1622,영남권,13,57
2023,부산가톨릭대학교,138,21.5844,0.1564,영남권,14,61
2023,동명대학교,246,31.2537,0.127,영남권,15,73
2023,동의대학교,556,70.114,0.1261,영남권,16,74
2023,영산대학교,218,24.3176,0.1115,영남권,17,78
2023,동양대학교,139,13.9932,0.1007,영남권,18,84
2023,신라대학교,289,28.7054,0.0993,영남권,19,85
2023,대구한의대학교,230,22.2615,0.0968,영남권,20,87
2023,경일대학교,262,24.2886,0.0927,영남권,21,88
2023,동서대학교,347,30.8116,0.0888,영남권,22,91
2023,경성대학교,403,35.033,0.0869,영남권,23,92
2023,김천대학교,104,6.6833,0.0643,영남권,24,101
2023,위덕대학교,106,4.1742,0.0394,영남권,25,111
2023,가야대학교,76,1.9347,0.0255,영남권,26,115
2023,부산외국어대학교,237,5.5636,0.0235,영남권,27,117
2023,경운대학교,176,1.2679,0.0072,영남권,28,122
2023,대구예술대학교,29,0.0,0.0,영남권,29,125
2023,대신대학교,28,0.0,0.0,영남권,29,125
2023,부산장신대학교,17,0.0,0.0,영남권,29,125
2023,신경주대학교,45,0.0,0.0,영남권,29,125
2023,제주국제대학교,50,0.0,0.0,제주권,1,125
2023,한국기술교육대학교,188,88.7992,0.4723,충청권,1,22
2023,순천향대학교,945,395.8607,0.4189,충청권,2,23
2023,고려대학교(세종),259,100.9448,0.3897,충청권,3,24
2023,단국대학교,1020,356.7428,0.3497,충청권,4,27
2023,상명대학교,481,163.5442,0.34,충청권,5,29
2023,건국대학교(글로컬),419,139.8549,0.3338,충청권,6,31
2023,홍익대학교,721,225.0168,0.3121,충청권,7,34
2023,을지대학교,458,138.51309999999998,0.3024,충청권,8,36
2023,건양대학교,366,101.3997,0.277,충청권,9,38
2023,우송대학교,330,79.0407,0.2395,충청권,10,43
2023,선문대학교,294,64.1521,0.2182,충청권,11,46
2023,청주대학교,368,60.9875,0.1657,충청권,12,55
2023,중부대학교,272,44.4252,0.1633,충청권,13,56
2023,대전대학교,315,47.8734,0.152,충청권,14,62
2023,세명대학교,262,37.7485,0.1441,충청권,15,65
2023,남서울대학교,317,43.7963,0.1382,충청권,16,68
2023,한남대학교,406,56.0883,0.1381,충청권,17,69
2023,한서대학교,260,35.4512,0.1364,충청권,18,71
2023,극동대학교,133,13.5604,0.102,충청권,19,83
2023,서원대학교,231,20.7408,0.0898,충청권,20,90
2023,중원대학교,141,11.889,0.0843,충청권,21,93
2023,배재대학교,279,23.315,0.0836,충청권,22,94
2023,호서대학교,474,39.5487,0.0834,충청권,23,95
2023,목원대학교,276,17.3353,0.0628,충청권,24,102
2023,가톨릭꽃동네대학교,23,1.0679,0.0464,충청권,25,107
2023,나사렛대학교,173,5.9797,0.0346,충청권,26,113
2023,백석대학교,477,13.0143,0.0273,충청권,27,114
2023,유원대학교,116,1.3429,0.0116,충청권,28,120
2023,금강대학교,15,0.0,0.0,충청권,29,125
2023,조선대학교,766,289.1747,0.3775,호남권,1,25
2023,원광대학교,703,154.5028,0.2198,호남권,2,45
2023,전주대학교,360,63.1895,0.1755,호남권,3,52
2023,세한대학교,121,17.225,0.1424,호남권,4,66
2023,우석대학교,291,39.9595,0.1373,호남권,5,70
2023,광주여자대학교,127,16.3505,0.1287,호남권,6,72
2023,남부대학교,115,12.4467,0.1082,호남권,7,80
2023,동신대학교,249,26.5252,0.1065,호남권,8,81
2023,예수대학교,20,1.8429,0.0921,호남권,9,89
2023,광주대학교,230,13.4928,0.0587,호남권,10,103
2023,초당대학교,112,5.1195,0.0457,호남권,11,108
2023,목포가톨릭대학교,18,0.7222,0.0401,호남권,12,110
2023,예원예술대학교,65,0.0,0.0,호남권,13,125
2023,한일장신대학교,41,0.0,0.0,호남권,13,125
2024,한림대학교,733,303.7634,0.4144,강원권,1,20
2024,연세대학교(미래),402,164.6868,0.4097,강원권,2,21
2024,가톨릭관동대학교,359,59.759,0.1665,강원권,3,55
2024,상지대학교,256,34.2436,0.1338,강원권,4,65
2024,경동대학교,219,23.285900000000005,0.1063,강원권,5,75
2024,한라대학교,113,7.4333,0.0658,강원권,6,97
2024,성균관대학교,1529,1591.1716,1.0407,수도권,1,2
2024,연세대학교,1786,1534.8328,0.8594,수도권,2,4
2024,고려대학교,1556,1250.4653,0.8036,수도권,3,5
2024,가천대학교,977,765.728,0.7838,수도권,4,6
2024,한양대학교,1142,806.6318,0.7063,수도권,5,7
2024,가톨릭대학교,1285,883.8014000000001,0.6878,수도권,6,8
2024,동국대학교,684,462.471,0.6761,수도권,7,9
2024,중앙대학교,1164,780.5738,0.6706,수도권,8,10
2024,경희대학교,1378,910.3465,0.6606,수도권,9,11
2024,아주대학교,742,483.6561,0.6518,수도권,10,12
2024,한양대학교(ERICA),414,246.4714,0.5953,수도권,11,13
2024,건국대학교,645,370.0169,0.5737,수도권,12,14
2024,광운대학교,320,164.1793,0.5131,수도권,13,16
2024,인하대학교,888,443.279,0.4992,수도권,14,17
2024,이화여자대학교,969,473.7528,0.4889,수도권,15,18
2024,숭실대학교,492,224.3036,0.4559,수도권,16,19
2024,단국대학교,1023,365.7242,0.3575,수도권,17,25
2024,을지대학교,433,154.2732,0.3563,수도권,18,26
2024,한국항공대학교,167,58.2611,0.3489,수도권,19,29
2024,국민대학교,639,209.1302,0.3273,수도권,20,30
2024,경기대학교,494,160.2912,0.3245,수도권,21,31
2024,홍익대학교,693,208.4539,0.3008,수도권,22,34
2024,삼육대학교,209,57.7464,0.2763,수도권,23,35
2024,차의과학대학교,495,133.8308,0.2704,수도권,24,36
2024,상명대학교,458,123.1811,0.269,수도권,25,37
2024,숙명여자대학교,415,103.9932,0.2506,수도권,26,39
2024,한국외국어대학교,620,138.0888,0.2227,수도권,27,42
2024,성신여자대학교,321,67.3696,0.2099,수도권,28,44
2024,한국공학대학교,257,50.9616,0.1983,수도권,29,47
2024,화성의과학대학교,31,6.1059,0.197,수도권,30,49
2024,덕성여자대학교,200,37.3267,0.1866,수도권,31,52
2024,명지대학교,502,93.2687,0.1858,수도권,32,53
2024,서울여자대학교,231,38.1411,0.1651,수도권,33,56
2024,동덕여자대학교,225,30.7508,0.1367,수도권,34,61
2024,대진대학교,243,32.764,0.1348,수도권,35,63
2024,수원대학교,314,34.228,0.109,수도권,36,74
2024,경동대학교,219,23.285900000000005,0.1063,수도권,37,75
2024,안양대학교,175,14.446000000000002,0.0825,수도권,38,87
2024,한성대학교,270,21.9088,0.0811,수도권,39,91
2024,강서대학교,55,4.2301,0.0769,수도권,40,94
2024,강남대학교,219,15.4621,0.0706,수도권,41,95
2024,한국성서대학교,44,2.6888,0.0611,수도권,42,100
2024,신한대학교,228,12.1996,0.0535,수도권,43,102
2024,서경대학교,253,13.4977,0.0534,수도권,44,103
2024,평택대학교,118,6.2324,0.0528,수도권,45,104
2024,용인대학교,195,7.9988,0.041,수도권,46,107
2024,성결대학교,176,6.7761,0.0385,수도권,47,108
2024,한신대학교,176,5.4832,0.0312,수도권,48,111
2024,성공회대학교,83,2.3,0.0277,수도권,49,112
2024,협성대학교,137,3.2909,0.024,수도권,50,114
2024,서울신학대학교,98,1.9023,0.0194,수도권,51,117
2024,한세대학교,108,1.646,0.0152,수도권,52,119
2024,인천가톨릭대학교,47,0.6429,0.0137,수도권,53,120
2024,총신대학교,112,1.4,0.0125,수도권,54,122
2024,서울기독대학교,30,0.2111,0.007,수도권,55,124
2024,루터대학교,16,0.0,0.0,수도권,56,126
2024,예원예술대학교,59,0.0,0.0,수도권,56,126
2024,추계예술대학교,49,0.0,0.0,수도권,56,126
2024,포항공과대학교,282,317.1737,1.1247,영남권,1,1
2024,영남대학교,909,897.4644,0.9873,영남권,2,3
2024,울산대학교,1096,608.6081,0.5553,영남권,3,15
2024,인제대학교,884,322.3554,0.3647,영남권,4,24
2024,계명대학교,856,259.3782,0.303,영남권,5,33
2024,동국대학교(WISE),307,81.2754,0.2647,영남권,6,38
2024,동아대학교,752,169.9774,0.226,영남권,7,41
2024,대구가톨릭대학교,555,115.374,0.2079,영남권,8,45
2024,한동대학교,149,28.4217,0.1907,영남권,9,50
2024,대구대학교,520,97.567,0.1876,영남권,10,51
2024,창신대학교,74,10.2476,0.1385,영남권,11,60
2024,동서대학교,326,43.6721,0.134,영남권,12,64
2024,고신대학교,262,33.6341,0.1284,영남권,13,67
2024,동의대학교,556,70.4903,0.1268,영남권,14,68
2024,부산가톨릭대학교,129,14.8018,0.1147,영남권,15,71
2024,경일대학교,252,26.1174,0.1036,영남권,16,77
2024,신라대학교,275,28.086,0.1021,영남권,17,79
2024,동양대학교,134,13.672,0.102,영남권,18,80
2024,대구한의대학교,229,23.082,0.1008,영남권,19,81
2024,김천대학교,99,9.4705,0.0957,영남권,20,83
2024,경성대학교,383,35.4157,0.0925,영남권,21,85
2024,영산대학교,202,16.5273,0.0818,영남권,22,89
2024,경남대학교,389,31.1865,0.0802,영남권,23,92
2024,동명대학교,235,18.61,0.0792,영남권,24,93
2024,위덕대학교,93,3.8731,0.0416,영남권,25,106
2024,부산외국어대학교,228,5.662,0.0248,영남권,26,113
2024,가야대학교,70,1.2857,0.0184,영남권,27,118
2024,경운대학교,168,1.3576,0.0081,영남권,28,123
2024,대구예술대학교,23,0.0,0.0,영남권,29,126
2024,대신대학교,31,0.0,0.0,영남권,29,126
2024,부산장신대학교,17,0.0,0.0,영남권,29,126
2024,신경주대학교,56,0.0,0.0,영남권,29,126
2024,제주국제대학교,46,1.6667,0.0362,제주권,1,110
2024,순천향대학교,958,380.5486,0.3972,충청권,1,22
2024,단국대학교,1023,365.7242,0.3575,충청권,2,25
2024,을지대학교,433,154.2732,0.3563,충청권,3,26
2024,고려대학교(세종),260,91.8475,0.3533,충청권,4,27
2024,한국기술교육대학교,183,64.21,0.3509,충청권,5,28
2024,건국대학교(글로컬),408,124.9867,0.3063,충청권,6,32
2024,홍익대학교,693,208.4539,0.3008,충청권,7,34
2024,상명대학교,458,123.1811,0.269,충청권,8,37
2024,건양대학교,360,82.2872,0.2286,충청권,9,40
2024,우송대학교,300,63.6819,0.2123,충청권,10,43
2024,선문대학교,290,52.4166,0.1807,충청권,11,54
2024,한남대학교,388,59.7662,0.154,충청권,12,57
2024,한서대학교,247,36.5508,0.148,충청권,13,58
2024,세명대학교,251,35.0885,0.1398,충청권,14,59
2024,청주대학교,360,48.5495,0.1349,충청권,15,62
2024,중부대학교,253,33.3587,0.1319,충청권,16,66
2024,대전대학교,298,36.6294,0.1229,충청권,17,69
2024,호서대학교,457,50.664,0.1109,충청권,18,72
2024,중원대학교,129,14.12,0.1095,충청권,19,73
2024,극동대학교,118,12.369,0.1048,충청권,20,76
2024,남서울대학교,308,31.7406,0.1031,충청권,21,78
2024,가톨릭꽃동네대학교,24,2.3596,0.0983,충청권,22,82
2024,서원대학교,215,17.7347,0.0825,충청권,23,87
2024,목원대학교,269,18.2487,0.0678,충청권,24,96
2024,배재대학교,270,17.6883,0.0655,충청권,25,98
2024,나사렛대학교,166,3.8016,0.0229,충청권,26,115
2024,백석대학교,485,10.5088,0.0217,충청권,27,116
2024,유원대학교,116,0.1667,0.0014,충청권,28,125
2024,금강대학교,12,0.0,0.0,충청권,29,126
2024,조선대학교,763,292.0747,0.3828,호남권,1,23
2024,원광대학교,661,134.3981,0.2033,호남권,2,46
2024,전주대학교,334,65.9808,0.1975,호남권,3,48
2024,우석대학교,264,30.6968,0.1163,호남권,4,70
2024,세한대학교,134,12.8249,0.0957,호남권,5,83
2024,남부대학교,108,9.5029,0.088,호남권,6,86
2024,동신대학교,238,19.4422,0.0817,호남권,7,90
2024,광주여자대학교,121,7.6953,0.0636,호남권,8,99
2024,광주대학교,212,12.8704,0.0607,호남권,9,101
2024,초당대학교,100,4.2,0.042,호남권,10,105
2024,예수대학교,20,0.7334,0.0367,호남권,11,109
2024,한일장신대학교,39,0.5,0.0128,호남권,12,121
2024,목포가톨릭대학교,20,0.0,0.0,호남권,13,126
2024,예원예술대학교,59,0.0,0.0,호남권,13,126
2025,연세대학교(미래),410,180.934,0.4413,강원권,1,20
2025,한림대학교,705,275.7371,0.3911,강원권,2,25
2025,가톨릭관동대학교,355,50.0933,0.1411,강원권,3,69
2025,한라대학교,109,14.544,0.1334,강원권,4,71
2025,상지대학교,244,31.2584,0.1281,강원권,5,73
2025,경동대학교,220,20.1022,0.0914,강원권,6,91
2025,성균관대학교,1543,1679.3039,1.0883,수도권,1,1
2025,연세대학교,1820,1591.5591,0.8745,수도권,2,4
2025,고려대학교,1601,1349.1166,0.8427,수도권,3,5
2025,가천대학교,995,825.0671,0.8292,수도권,4,6
2025,한양대학교,1141,882.7464,0.7737,수도권,5,7
2025,중앙대학교,1198,884.895,0.7386,수도권,6,8
2025,경희대학교,1395,978.8631,0.7017,수도권,7,9
2025,동국대학교,686,470.7765,0.6863,수도권,8,10
2025,건국대학교,657,415.7599,0.6328,수도권,9,11
2025,한양대학교(ERICA),415,260.3625,0.6274,수도권,10,12
2025,아주대학교,747,459.8874,0.6156,수도권,11,13
2025,가톨릭대학교,1283,785.0193,0.6119,수도권,12,14
2025,인하대학교,886,510.6785,0.5764,수도권,13,15
2025,광운대학교,307,168.1007,0.5476,수도권,14,17
2025,이화여자대학교,961,450.0389,0.4683,수도권,15,18
2025,숭실대학교,528,232.3328,0.44,수도권,16,21
2025,한국항공대학교,168,73.8686,0.4397,수도권,17,22
2025,국민대학교,651,267.8261,0.4114,수도권,18,23
2025,삼육대학교,190,71.7092,0.3774,수도권,19,27
2025,단국대학교,1003,367.8727,0.3668,수도권,20,28
2025,홍익대학교,725,239.31189999999998,0.3301,수도권,21,31
2025,경기대학교,485,159.2236,0.3283,수도권,22,32
2025,상명대학교,432,130.7964,0.3028,수도권,23,35
2025,숙명여자대학교,419,123.3312,0.2943,수도권,24,36
2025,을지대학교,420,116.8944,0.2783,수도권,25,38
2025,차의과학대학교,502,124.4948,0.248,수도권,26,40
2025,덕성여자대학교,197,47.5659,0.2415,수도권,27,41
2025,성신여자대학교,324,74.8039,0.2309,수도권,28,42
2025,한국외국어대학교,612,133.7847,0.2186,수도권,29,43
2025,명지대학교,504,94.79839999999999,0.1881,수도권,30,52
2025,서울여자대학교,224,42.0808,0.1879,수도권,31,53
2025,대진대학교,231,42.8957,0.1857,수도권,32,54
2025,한국공학대학교,262,39.6902,0.1515,수도권,33,63
2025,안양대학교,165,24.7624,0.1501,수도권,34,64
2025,동덕여자대학교,214,31.1645,0.1456,수도권,35,66
2025,화성의과학대학교,31,4.441,0.1433,수도권,36,67
2025,수원대학교,310,34.8283,0.1123,수도권,37,81
2025,성공회대학교,80,8.5417,0.1068,수도권,38,83
2025,용인대학교,195,20.7879,0.1066,수도권,39,84
2025,한국성서대학교,41,3.8005,0.0927,수도권,40,90
2025,경동대학교,220,20.1022,0.0914,수도권,41,91
2025,강서대학교,54,4.7945,0.0888,수도권,42,93
2025,서경대학교,250,20.6444,0.0826,수도권,43,96
2025,한신대학교,175,13.2334,0.0756,수도권,44,98
2025,한성대학교,282,19.4698,0.069,수도권,45,100
2025,강남대학교,206,14.078,0.0683,수도권,46,101
2025,신한대학교,217,13.058599999999998,0.0602,수도권,47,104
2025,성결대학교,167,8.0,0.0479,수도권,48,110
2025,인천가톨릭대학교,47,1.8112,0.0385,수도권,49,113
2025,서울신학대학교,96,3.4109,0.0355,수도권,50,114
2025,평택대학교,120,3.952,0.0329,수도권,51,115
2025,협성대학교,128,3.3167,0.0259,수도권,52,117
2025,한세대학교,100,1.5429,0.0154,수도권,53,121
2025,총신대학교,104,1.25,0.012,수도권,54,123
2025,추계예술대학교,47,0.5,0.0106,수도권,55,124
2025,서울기독대학교,37,0.1429,0.0039,수도권,56,126
2025,루터대학교,15,0.0,0.0,수도권,57,128
2025,예원예술대학교,60,0.0,0.0,수도권,57,128
2025,포항공과대학교,284,300.924,1.0596,영남권,1,2
2025,영남대학교,896,938.0952,1.047,영남권,2,3
2025,울산대학교,1095,615.4115,0.562,영남권,3,16
2025,계명대학교,837,280.3535,0.335,영남권,4,30
2025,인제대학교,838,270.208,0.3224,영남권,5,33
2025,동국대학교(WISE),300,85.9956,0.2867,영남권,6,37
2025,동아대학교,715,193.4736,0.2706,영남권,7,39
2025,한동대학교,146,28.8684,0.1977,영남권,8,45
2025,대구가톨릭대학교,533,101.6314,0.1907,영남권,9,48
2025,대구대학교,499,94.5914,0.1896,영남권,10,49
2025,동양대학교,127,23.9364,0.1885,영남권,11,51
2025,창신대학교,73,12.2302,0.1675,영남권,12,56
2025,부산가톨릭대학교,123,19.393,0.1577,영남권,13,59
2025,동서대학교,320,49.5947,0.155,영남권,14,62
2025,동의대학교,550,78.4797,0.1427,영남권,15,68
2025,경남대학교,365,47.9448,0.1314,영남권,16,72
2025,동명대학교,229,28.1197,0.1228,영남권,17,75
2025,경성대학교,363,42.2195,0.1163,영남권,18,79
2025,신라대학교,272,27.7679,0.1021,영남권,19,87
2025,가야대학교,66,6.3576,0.0963,영남권,20,88
2025,영산대학교,189,17.749200000000002,0.0939,영남권,21,89
2025,대구한의대학교,223,18.4994,0.083,영남권,22,95
2025,경일대학교,238,18.5186,0.0778,영남권,23,97
2025,김천대학교,100,6.0388,0.0604,영남권,24,103
2025,위덕대학교,85,4.9333,0.058,영남권,25,105
2025,고신대학교,252,14.3834,0.0571,영남권,26,106
2025,경운대학교,163,3.0222,0.0185,영남권,27,119
2025,부산외국어대학교,214,1.1207,0.0052,영남권,28,125
2025,신경주대학교,47,0.1429,0.003,영남권,29,127
2025,대구예술대학교,17,0.0,0.0,영남권,30,128
2025,대신대학교,39,0.0,0.0,영남권,30,128
2025,부산장신대학교,15,0.0,0.0,영남권,30,128
2025,제주국제대학교,33,0.45,0.0136,제주권,1,122
2025,한국기술교육대학교,184,83.1283,0.4518,충청권,1,19
2025,순천향대학교,942,379.401,0.4028,충청권,2,24
2025,고려대학교(세종),257,99.3509,0.3866,충청권,3,26
2025,단국대학교,1003,367.8727,0.3668,충청권,4,28
2025,홍익대학교,725,239.31189999999998,0.3301,충청권,5,31
2025,건국대학교(글로컬),407,123.643,0.3038,충청권,6,34
2025,상명대학교,432,130.7964,0.3028,충청권,7,35
2025,을지대학교,420,116.8944,0.2783,충청권,8,38
2025,우송대학교,334,69.6525,0.2085,충청권,9,44
2025,건양대학교,350,66.2783,0.1894,충청권,10,50
2025,선문대학교,280,47.4717,0.1695,충청권,11,55
2025,대전대학교,277,45.3546,0.1637,충청권,12,57
2025,한서대학교,229,37.0202,0.1617,충청권,13,58
2025,한남대학교,385,60.5538,0.1573,충청권,14,60
2025,중원대학교,123,19.3086,0.157,충청권,15,61
2025,세명대학교,231,34.6387,0.15,충청권,16,65
2025,청주대학교,441,60.8341,0.1379,충청권,17,70
2025,서원대학교,224,28.4065,0.1268,충청권,18,74
2025,호서대학교,432,51.0697,0.1182,충청권,19,77
2025,극동대학교,109,12.3106,0.1129,충청권,20,80
2025,남서울대학교,293,30.3521,0.1036,충청권,21,86
2025,목원대학교,264,23.851,0.0903,충청권,22,92
2025,중부대학교,350,29.0753,0.0831,충청권,23,94
2025,나사렛대학교,157,8.5737,0.0546,충청권,24,108
2025,배재대학교,254,13.1132,0.0516,충청권,25,109
2025,가톨릭꽃동네대학교,23,1.1,0.0478,충청권,26,111
2025,백석대학교,464,19.2437,0.0415,충청권,27,112
2025,유원대학교,111,1.75,0.0158,충청권,28,120
2025,금강대학교,13,0.0,0.0,충청권,29,128
2025,조선대학교,741,263.676,0.3558,호남권,1,29
2025,전주대학교,328,64.2214,0.1958,호남권,2,46
2025,원광대학교,622,119.6989,0.1924,호남권,3,47
2025,예수대학교,20,2.3667,0.1183,호남권,4,76
2025,우석대학교,248,28.9501,0.1167,호남권,5,78
2025,동신대학교,226,25.3323,0.1121,호남권,6,82
2025,광주대학교,200,21.1237,0.1056,호남권,7,85
2025,세한대학교,111,7.8857,0.071,호남권,8,99
2025,남부대학교,108,6.931,0.0642,호남권,9,102
2025,광주여자대학교,123,6.8752,0.0559,호남권,10,107
2025,목포가톨릭대학교,21,0.5909,0.0281,호남권,11,116
2025,초당대학교,88,1.8167,0.0206,호남권,12,118
2025,예원예술대학교,60,0.0,0.0,호남권,13,128
2025,한일장신대학교,37,0.0,0.0,호남권,13,128
